evaluation_row_index,true_machine_failure,detector_prediction,detector_anomaly_score,counterfactual_found,failure_reason,candidates_evaluated,generation_time_seconds,changed_features,sparsity,normalized_proximity,feasibility_status,plausibility_status,plausibility_distance,plausibility_threshold,original_Air temperature [K],counterfactual_Air temperature [K],original_Process temperature [K],counterfactual_Process temperature [K],original_Rotational speed [rpm],counterfactual_Rotational speed [rpm],original_Torque [Nm],counterfactual_Torque [Nm],original_Tool wear [min],counterfactual_Tool wear [min]
1933,1,-1,-0.014873012577833689,True,counterfactual_found,899,0.36901378631591797,"[{""feature"": ""Torque [Nm]"", ""original_value"": 4.6, ""counterfactual_value"": 17.0, ""delta"": 12.4, ""normalized_delta"": 0.17032967032967034}]",1.0,0.17032967032967034,feasible,implausible,12.82664966069232,3.170621655699285,298.9,298.9,309.1,309.1,2861.0,2861.0,4.6,17.0,143.0,143.0
1939,1,-1,-0.026997874884485684,True,counterfactual_found,897,0.2866971492767334,"[{""feature"": ""Torque [Nm]"", ""original_value"": 10.7, ""counterfactual_value"": 20.0, ""delta"": 9.3, ""normalized_delta"": 0.12774725274725277}]",1.0,0.12774725274725277,feasible,implausible,11.058331168307612,3.170621655699285,298.2,298.2,308.5,308.5,2678.0,2678.0,10.7,20.0,86.0,86.0
1946,1,-1,-0.02481334053601969,True,counterfactual_found,898,0.3342137336730957,"[{""feature"": ""Rotational speed [rpm]"", ""original_value"": 2564.0, ""counterfactual_value"": 1984.0, ""delta"": -580.0, ""normalized_delta"": 0.33760186263096625}]",1.0,0.33760186263096625,feasible,plausible,3.1624563673188946,3.170621655699285,297.5,297.5,308.3,308.3,2564.0,1984.0,12.8,12.8,127.0,127.0
1948,1,-1,-0.027090703902612034,True,counterfactual_found,898,0.33749866485595703,"[{""feature"": ""Torque [Nm]"", ""original_value"": 4.2, ""counterfactual_value"": 20.2, ""delta"": 16.0, ""normalized_delta"": 0.21978021978021978}]",1.0,0.21978021978021978,feasible,implausible,13.652268245572117,3.170621655699285,297.4,297.4,308.7,308.7,2874.0,2874.0,4.2,20.2,118.0,118.0
1952,1,-1,-0.0785031773813607,True,counterfactual_found,899,0.16412043571472168,"[{""feature"": ""Rotational speed [rpm]"", ""original_value"": 2833.0, ""counterfactual_value"": 1553.0, ""delta"": -1280.0, ""normalized_delta"": 0.7450523864959255}]",1.0,0.7450523864959255,feasible,implausible,8.016652902729879,3.170621655699285,296.4,296.4,307.4,307.4,2833.0,1553.0,5.6,5.6,213.0,213.0
1953,1,-1,-0.052895310814312535,True,counterfactual_found,897,0.19912958145141602,"[{""feature"": ""Torque [Nm]"", ""original_value"": 76.2, ""counterfactual_value"": 47.0, ""delta"": -29.200000000000003, ""normalized_delta"": 0.4010989010989012}]",1.0,0.4010989010989012,feasible,implausible,3.542277476980522,3.170621655699285,295.8,295.8,306.3,306.3,1235.0,1235.0,76.2,47.0,89.0,89.0
1954,1,-1,-0.083739813003754,False,search_budget_exhausted,5000,0.6685433387756348,[],,,,,,,295.7,,306.2,,2270.0,,14.6,,149.0,
1955,1,-1,-0.03951036855183754,False,search_budget_exhausted,5000,0.7329363822937012,[],,,,,,,295.6,,306.1,,1372.0,,55.6,,215.0,
1956,1,-1,-0.023091129688957324,True,counterfactual_found,898,0.24901509284973145,"[{""feature"": ""Torque [Nm]"", ""original_value"": 68.3, ""counterfactual_value"": 58.4, ""delta"": -9.899999999999999, ""normalized_delta"": 0.13598901098901098}]",1.0,0.13598901098901098,feasible,plausible,3.1571638157368613,3.170621655699285,296.3,296.3,307.2,307.2,1319.0,1319.0,68.3,58.4,24.0,24.0
1959,1,-1,-0.05956288382184505,True,counterfactual_found,899,0.22810697555541992,"[{""feature"": ""Rotational speed [rpm]"", ""original_value"": 2721.0, ""counterfactual_value"": 1831.0, ""delta"": -890.0, ""normalized_delta"": 0.5180442374854481}]",1.0,0.5180442374854481,feasible,implausible,4.610874722677263,3.170621655699285,296.9,296.9,307.5,307.5,2721.0,1831.0,9.3,9.3,18.0,18.0
1970,1,-1,-0.013340041619798182,True,counterfactual_found,898,0.3233761787414551,"[{""feature"": ""Torque [Nm]"", ""original_value"": 8.8, ""counterfactual_value"": 16.8, ""delta"": 8.0, ""normalized_delta"": 0.10989010989010989}]",1.0,0.10989010989010989,feasible,implausible,11.292884220568904,3.170621655699285,298.9,298.9,310.2,310.2,2737.0,2737.0,8.8,16.8,142.0,142.0
1980,1,-1,-0.029391058911685364,True,counterfactual_found,899,0.33621740341186523,"[{""feature"": ""Torque [Nm]"", ""original_value"": 3.8, ""counterfactual_value"": 21.200000000000003, ""delta"": 17.400000000000002, ""normalized_delta"": 0.23901098901098905}]",1.0,0.23901098901098905,feasible,implausible,13.990614933532868,3.170621655699285,298.3,298.3,308.0,308.0,2886.0,2886.0,3.8,21.200000000000003,57.0,57.0
1982,1,-1,-0.029361539068661235,True,counterfactual_found,897,0.2839171886444092,"[{""feature"": ""Torque [Nm]"", ""original_value"": 12.8, ""counterfactual_value"": 21.200000000000003, ""delta"": 8.400000000000002, ""normalized_delta"": 0.11538461538461542}]",1.0,0.11538461538461542,feasible,implausible,9.973162610868373,3.170621655699285,298.1,298.1,307.7,307.7,2567.0,2567.0,12.8,21.200000000000003,125.0,125.0
1989,1,-1,-0.021600004532631112,True,counterfactual_found,898,0.34317660331726074,"[{""feature"": ""Torque [Nm]"", ""original_value"": 13.0, ""counterfactual_value"": 18.5, ""delta"": 5.5, ""normalized_delta"": 0.07554945054945056}]",1.0,0.07554945054945056,feasible,implausible,9.26805546803827,3.170621655699285,299.5,299.5,308.7,308.7,2549.0,2549.0,13.0,18.5,179.0,179.0
2009,1,-1,-0.020607142251064525,True,counterfactual_found,898,0.3696730136871338,"[{""feature"": ""Rotational speed [rpm]"", ""original_value"": 2563.0, ""counterfactual_value"": 2053.0, ""delta"": -510.0, ""normalized_delta"": 0.2968568102444703}]",1.0,0.2968568102444703,feasible,plausible,3.1403651932478995,3.170621655699285,300.4,300.4,309.9,309.9,2563.0,2053.0,12.8,12.8,81.0,81.0
2014,1,-1,-0.021009568801619194,True,counterfactual_found,898,0.2943992614746094,"[{""feature"": ""Torque [Nm]"", ""original_value"": 8.0, ""counterfactual_value"": 18.8, ""delta"": 10.8, ""normalized_delta"": 0.14835164835164838}]",1.0,0.14835164835164838,feasible,implausible,11.886660552390566,3.170621655699285,301.5,301.5,310.9,310.9,2760.0,2760.0,8.0,18.8,15.0,15.0
2015,1,-1,-0.022770641982951423,True,counterfactual_found,897,0.3333156108856201,"[{""feature"": ""Torque [Nm]"", ""original_value"": 12.0, ""counterfactual_value"": 18.7, ""delta"": 6.699999999999999, ""normalized_delta"": 0.09203296703296703}]",1.0,0.09203296703296703,feasible,implausible,10.364186373750364,3.170621655699285,301.5,301.5,310.4,310.4,2639.0,2639.0,12.0,18.7,21.0,21.0
2018,1,-1,-0.016398155597874498,True,counterfactual_found,899,0.30108213424682617,"[{""feature"": ""Rotational speed [rpm]"", ""original_value"": 2672.0, ""counterfactual_value"": 2002.0, ""delta"": -670.0, ""normalized_delta"": 0.389988358556461}]",1.0,0.389988358556461,feasible,plausible,3.164711221874449,3.170621655699285,301.8,301.8,310.6,310.6,2672.0,2002.0,11.8,11.8,124.0,124.0
2030,1,-1,-0.04150729102917061,True,counterfactual_found,897,0.30834412574768066,"[{""feature"": ""Torque [Nm]"", ""original_value"": 9.7, ""counterfactual_value"": 25.6, ""delta"": 15.900000000000002, ""normalized_delta"": 0.21840659340659344}]",1.0,0.21840659340659344,feasible,implausible,12.546019974175554,3.170621655699285,302.7,302.7,311.6,311.6,2709.0,2709.0,9.7,25.6,2.0,2.0
2039,1,-1,-0.02103748037757347,True,counterfactual_found,898,0.29619503021240234,"[{""feature"": ""Torque [Nm]"", ""original_value"": 12.1, ""counterfactual_value"": 18.7, ""delta"": 6.6, ""normalized_delta"": 0.09065934065934066}]",1.0,0.09065934065934066,feasible,implausible,10.983117074607744,3.170621655699285,301.9,301.9,311.0,311.0,2691.0,2691.0,12.1,18.7,31.0,31.0
2078,1,-1,-0.02992829272841624,True,counterfactual_found,897,0.32683753967285156,"[{""feature"": ""Torque [Nm]"", ""original_value"": 13.9, ""counterfactual_value"": 21.1, ""delta"": 7.200000000000001, ""normalized_delta"": 0.09890109890109892}]",1.0,0.09890109890109892,feasible,implausible,7.641353765400205,3.170621655699285,301.8,301.8,310.1,310.1,2372.0,2372.0,13.9,21.1,205.0,205.0
2079,1,-1,-0.049986347010666066,True,counterfactual_found,899,0.25166869163513184,"[{""feature"": ""Torque [Nm]"", ""original_value"": 5.8, ""counterfactual_value"": 26.1, ""delta"": 20.3, ""normalized_delta"": 0.27884615384615385}]",1.0,0.27884615384615385,feasible,implausible,14.202004705884955,3.170621655699285,301.8,301.8,310.2,310.2,2825.0,2825.0,5.8,26.1,215.0,215.0
2098,1,-1,-0.039822280852741754,True,counterfactual_found,899,0.32270288467407227,"[{""feature"": ""Torque [Nm]"", ""original_value"": 10.8, ""counterfactual_value"": 22.5, ""delta"": 11.7, ""normalized_delta"": 0.1607142857142857}]",1.0,0.1607142857142857,feasible,implausible,11.637516868718723,3.170621655699285,302.6,302.6,310.2,310.2,2676.0,2676.0,10.8,22.5,84.0,84.0
2150,1,-1,-0.04663904113435402,True,counterfactual_found,898,0.25517845153808594,"[{""feature"": ""Torque [Nm]"", ""original_value"": 11.4, ""counterfactual_value"": 26.6, ""delta"": 15.200000000000001, ""normalized_delta"": 0.20879120879120883}]",1.0,0.20879120879120883,feasible,implausible,12.122203591235115,3.170621655699285,303.7,303.7,312.0,312.0,2663.0,2663.0,11.4,26.6,71.0,71.0
2165,1,-1,-0.01758679052778911,True,counterfactual_found,897,0.2781805992126465,"[{""feature"": ""Rotational speed [rpm]"", ""original_value"": 1256.0, ""counterfactual_value"": 1336.0, ""delta"": 80.0, ""normalized_delta"": 0.046565774155995346}]",1.0,0.046565774155995346,feasible,implausible,3.6299342623315116,3.170621655699285,303.8,303.8,313.1,313.1,1256.0,1336.0,58.7,58.7,213.0,213.0
2166,1,-1,-0.07803435305144446,False,search_budget_exhausted,5000,0.6682689189910889,[],,,,,,,303.8,,313.1,,2497.0,,13.0,,5.0,
2167,1,-1,-0.06362894777945916,True,counterfactual_found,898,0.16772174835205078,"[{""feature"": ""Rotational speed [rpm]"", ""original_value"": 2659.0, ""counterfactual_value"": 1779.0, ""delta"": -880.0, ""normalized_delta"": 0.5122235157159488}]",1.0,0.5122235157159488,feasible,implausible,4.639215225584195,3.170621655699285,303.6,303.6,312.8,312.8,2659.0,1779.0,11.4,11.4,26.0,26.0
2168,1,-1,-0.027857739933163095,True,counterfactual_found,898,0.3132905960083008,"[{""feature"": ""Torque [Nm]"", ""original_value"": 68.6, ""counterfactual_value"": 57.8, ""delta"": -10.799999999999997, ""normalized_delta"": 0.14835164835164832}]",1.0,0.14835164835164832,feasible,plausible,3.0864532240846874,3.170621655699285,304.0,304.0,313.2,313.2,1271.0,1271.0,68.6,57.8,161.0,161.0
2169,1,-1,-0.000995303557263183,True,counterfactual_found,898,0.2809021472930908,"[{""feature"": ""Torque [Nm]"", ""original_value"": 62.5, ""counterfactual_value"": 55.0, ""delta"": -7.5, ""normalized_delta"": 0.10302197802197803}]",1.0,0.10302197802197803,feasible,plausible,3.1688673267018457,3.170621655699285,304.0,304.0,312.9,312.9,1363.0,1363.0,62.5,55.0,200.0,200.0
2173,1,-1,-0.05125959963942783,True,counterfactual_found,899,0.29949307441711426,"[{""feature"": ""Torque [Nm]"", ""original_value"": 9.8, ""counterfactual_value"": 27.900000000000002, ""delta"": 18.1, ""normalized_delta"": 0.24862637362637366}]",1.0,0.24862637362637366,feasible,implausible,12.902050471351968,3.170621655699285,303.4,303.4,312.6,312.6,2706.0,2706.0,9.8,27.900000000000002,65.0,65.0
2174,1,-1,-0.020022454349289176,True,counterfactual_found,898,0.28130555152893066,"[{""feature"": ""Torque [Nm]"", ""original_value"": 70.5, ""counterfactual_value"": 56.5, ""delta"": -14.0, ""normalized_delta"": 0.19230769230769232}]",1.0,0.19230769230769232,feasible,plausible,3.1695384821252652,3.170621655699285,302.8,302.8,312.3,312.3,1262.0,1262.0,70.5,56.5,234.0,234.0
2207,1,-1,-0.011816908272559323,True,counterfactual_found,897,0.39760565757751465,"[{""feature"": ""Rotational speed [rpm]"", ""original_value"": 2636.0, ""counterfactual_value"": 2056.0, ""delta"": -580.0, ""normalized_delta"": 0.33760186263096625}]",1.0,0.33760186263096625,feasible,plausible,3.1286597941250798,3.170621655699285,301.1,301.1,310.7,310.7,2636.0,2056.0,12.2,12.2,100.0,100.0
2210,1,-1,-0.015529629708910808,True,counterfactual_found,897,0.2949652671813965,"[{""feature"": ""Rotational speed [rpm]"", ""original_value"": 2478.0, ""counterfactual_value"": 2008.0, ""delta"": -470.0, ""normalized_delta"": 0.27357392316647267}]",1.0,0.27357392316647267,feasible,plausible,3.1627058910632173,3.170621655699285,300.7,300.7,311.1,311.1,2478.0,2008.0,13.4,13.4,170.0,170.0
2211,1,-1,-0.01773050841535695,True,counterfactual_found,897,0.3441786766052246,"[{""feature"": ""Torque [Nm]"", ""original_value"": 12.2, ""counterfactual_value"": 18.2, ""delta"": 6.0, ""normalized_delta"": 0.08241758241758242}]",1.0,0.08241758241758242,feasible,implausible,10.174480216729235,3.170621655699285,300.5,300.5,310.5,310.5,2633.0,2633.0,12.2,18.2,17.0,17.0
2219,1,-1,-0.020174669732313077,True,counterfactual_found,897,0.29747653007507324,"[{""feature"": ""Torque [Nm]"", ""original_value"": 12.5, ""counterfactual_value"": 18.5, ""delta"": 6.0, ""normalized_delta"": 0.08241758241758242}]",1.0,0.08241758241758242,feasible,implausible,9.637244507168518,3.170621655699285,300.1,300.1,311.3,311.3,2579.0,2579.0,12.5,18.5,64.0,64.0
2225,1,-1,-0.007570247927590756,True,counterfactual_found,897,0.27487874031066895,"[{""feature"": ""Rotational speed [rpm]"", ""original_value"": 2097.0, ""counterfactual_value"": 2047.0, ""delta"": -50.0, ""normalized_delta"": 0.02910360884749709}]",1.0,0.02910360884749709,feasible,implausible,4.17380382724343,3.170621655699285,300.7,300.7,311.7,311.7,2097.0,2047.0,18.9,18.9,232.0,232.0
2232,1,-1,-0.02873615083408132,True,counterfactual_found,897,0.2854905128479004,"[{""feature"": ""Torque [Nm]"", ""original_value"": 9.7, ""counterfactual_value"": 20.0, ""delta"": 10.3, ""normalized_delta"": 0.1414835164835165}]",1.0,0.1414835164835165,feasible,implausible,11.615496974106007,3.170621655699285,301.0,301.0,312.2,312.2,2710.0,2710.0,9.7,20.0,143.0,143.0
2241,1,-1,-0.02047705364660124,True,counterfactual_found,897,0.3481764793395996,"[{""feature"": ""Torque [Nm]"", ""original_value"": 12.1, ""counterfactual_value"": 18.7, ""delta"": 6.6, ""normalized_delta"": 0.09065934065934066}]",1.0,0.09065934065934066,feasible,implausible,10.076995209074424,3.170621655699285,298.5,298.5,309.7,309.7,2617.0,2617.0,12.1,18.7,102.0,102.0
2267,1,-1,-0.02806295148805482,True,counterfactual_found,897,0.2752532958984375,"[{""feature"": ""Torque [Nm]"", ""original_value"": 16.2, ""counterfactual_value"": 21.8, ""delta"": 5.600000000000001, ""normalized_delta"": 0.07692307692307694}]",1.0,0.07692307692307694,feasible,implausible,6.5641435569724305,3.170621655699285,298.6,298.6,309.8,309.8,2271.0,2271.0,16.2,21.8,218.0,218.0
